time,A
0,1000
5,610.4653531155074
10,374.200646759728
15,230.8988585469454
20,143.9819304042466
25,91.26414863765979
30,59.2891976841853
35,39.8954095880953
40,28.13248249984683
45,20.99790657285988
50,16.67056752909463
